title,deadline,country,estimated_value_eur,tender_url,notice_id,cpv_codes,description,buyer_name
"Supply, Delivery and Installation of Automatic External Defibrillators (AEDs), AED Cabinets and Associated Equipment",2026-02-02,SCT,240000.0,https://www.publiccontractsscotland.gov.uk/search/show/ocds-r6ebe6-0000818889,rls-17-DEC545970,22816000 31440000 31711140 33000000 33100000 33140000 33141620 33182000 33182100 39141300 45310000,This procurement will follow the GPA open tender process.,North Ayrshire Council
"Servicing and Repair of ASN Equipment, North Ayrshire",2026-01-27,SCT,200000.0,https://www.publiccontractsscotland.gov.uk/search/show/ocds-r6ebe6-0000818202,rls-49-DEC545408,33100000 33192600 33196100 33196200 39541220 42410000 42416300 50400000 50420000 50421000,This procurement will follow the GPA open tender process.,North Ayrshire Council
PURCH2750 Provision of a Framework for the Supply and Maintenance of Autoclaves with Associated Services and Consumables,2026-01-19,SCT,,https://www.publiccontractsscotland.gov.uk/search/show/ocds-r6ebe6-0000817754,rls-69-DEC545057,33000000 33191110,"PURCH2750 Provision of a Framework for the Supply and Maintenance of Autoclaves with Associated Services and Consumables
 Lot 1 â Small Capacity Autoclaves (5L â 50L) â Supply, Delivery, Installation, Commissioning & Maintenance
 This procurement process is being conducted using the Competitive Procedure with Negotiation (CPN) in accordance with the requirements of Regulation 30 of the PC(S)R 2015. Although this procurement is being conducted under the Competitive Procedure with Negotiation (CPN), it is structured differently from a typical CPN process. This approach has been adopted to enhance the efficiency of evaluating supplier responses across both stages (SPD and ITT).
 The University intends to establish a multi-supplier framework as a result of this procurement exercise.
 Please refer to the PURCH2750 - Schedule 1A - ITT document for additional information and specification. PURCH2750 Provision of a Framework for the Supply and Maintenance of Autoclaves with Associated Services and Consumables
 Lot 2 â Medium Capacity Autoclaves (51L â 200L - Supply, Delivery, Installation, Commissioning & Maintenance
 This procurement process is being conducted using the Competitive Procedure with Negotiation (CPN) in accordance with the requirements of Regulation 30 of the PC(S)R 2015. Although this procurement is being conducted under the Competitive Procedure with Negotiation (CPN), it is structured differently from a typical CPN process. This approach has been adopted to enhance the efficiency of evaluating supplier responses across both stages (SPD and ITT).
 The University intends to establish a multi-supplier framework as a result of this procurement exercise.
 Please refer to the PURCH2750 - Schedule 1A â ITT document for additional information and specification. PURCH2750 Provision of a Framework for the Supply and Maintenance of Autoclaves with Associated Services and Consumables
 Lot 3 â Large Capacity Autoclaves (+200L) - Supply, Delivery, Installation, Commissioning & Maintenance
 This procurement process is being conducted using the Competitive Procedure with Negotiation (CPN) in accordance with the requirements of Regulation 30 of the PC(S)R 2015. Although this procurement is being conducted under the Competitive Procedure with Negotiation (CPN), it is structured differently from a typical CPN process. This approach has been adopted to enhance the efficiency of evaluating supplier responses across both stages (SPD and ITT).
 The University intends to establish a multi-supplier framework as a result of this procurement exercise.
 Please refer to the PURCH2750 - Schedule 1A â ITT document for additional information and specification. PURCH2750 Provision of a Framework for the Supply and Maintenance of Autoclaves with Associated Services and Consumables
 Lot 4 â Maintenance, Servicing & Repairs
 This procurement process is being conducted using the Competitive Procedure with Negotiation (CPN) in accordance with the requirements of Regulation 30 of the PC(S)R 2015. Although this procurement is being conducted under the Competitive Procedure with Negotiation (CPN), it is structured differently from a typical CPN process. This approach has been adopted to enhance the efficiency of evaluating supplier responses across both stages (SPD and ITT).
 The University intends to establish a multi-supplier framework as a result of this procurement exercise.
 Please refer to the PURCH2750 - Schedule 1A â ITT document for additional information and specification. PURCH2750 Provision of a Framework for the Supply and Maintenance of Autoclaves with Associated Services and Consumables
 Lot 5 â Consumables
 This procurement process is being conducted using the Competitive Procedure with Negotiation (CPN) in accordance with the requirements of Regulation 30 of the PC(S)R 2015. Although this procurement is being conducted under the Competitive Procedure with Negotiation (CPN), it is structured differentl",University of Glasgow
Auto-injectors for PET-CT Service,2026-01-09,SCT,,https://www.publiccontractsscotland.gov.uk/search/show/ocds-r6ebe6-0000817623,rls-73-DEC545008,33100000 33140000 50400000,"This procurement is for the acquisition of auto-injector systems to support PET-CT services across NHS Scotland. The aim is to standardize the delivery of radiopharmaceuticals, improve patient safety, enhance imaging quality, and streamline clinical workflows. This procurement will apply to the 4 NHS Boards involved in PET-CT imaging, NHS GG&C, NHS Lothian, NHS Grampian and NHS Tayside. The procurement is to do a 10 year, non-framework contract as this covers the lifespan of the machines. The procurement will also cover the maintenance of the machines for the lifespan and the delivery of all consumables required for the daily operation of the machines. It will run alongside the PET-CT replacement programme. There will be a single award as the requirements of the service are to standardise equipment and delivery.",The Common Services Agency (more commonly known as NHS National Services Scotland) (NSS)
"Framework - Supply, Delivery & Installation of Internal & External Hand/Grab Rails & Minor Adaptations To Homeowners & Council Tenants within East Renfrewshire Council.",2026-01-12,SCT,336000.0,https://www.publiccontractsscotland.gov.uk/search/show/ocds-r6ebe6-0000817497,rls-80-DEC544893,33196000 33196100 33196200,"Economic operators may be excluded from this competition if they are in any of the situations referred to in regulation 8 and 9 of the Procurement (Scotland) Regulations 2016.
 Bidders must self-certify their adherence to the conditions of participation via the SPD (Scotland) in PSC-T, and may be required to submit Means of Proof before contract award. Bidders must refer to the specific requirements listed in Section III in this OJEU Contract Notice when completing the SPD in PCS-T.
 The Value shown in this notice is excluding VAT. Economic operators may be excluded from this competition if they are in any of the situations referred to in regulation 8 and 9 of the Procurement (Scotland) Regulations 2016.",East Renfrewshire Council
"Supply and Delivery of Personal Protective Equipment (PPE), First Aid Materials and Workwear",2026-01-14,SCT,80000000.0,https://www.publiccontractsscotland.gov.uk/search/show/ocds-r6ebe6-0000799706,rls-82-DEC544891,18000000 18100000 18110000 18130000 18141000 18143000 18220000 18221000 18222000 18234000 18235300 18330000 18424000 18424300 18444000 18800000 18810000 18811000 18812000 18812200 18814000 18830000 18831000 33000000 33100000 33140000 33141111 33141112 33141113 33141115 33141116 33141117 33141118 33141119 33141623 33182100 33700000 35113400 35113440 35113450,"Supply and Delivery of Ear, Eye and Head Protection. This includes but is not limited to visors, goggles, ear plugs and hard hats.. Economic operators may be excluded from this competition if they are in any of the situations referred to in Regulation 58 of the Public Contracts (Scotland) Regulations 2015. Please see the Invitation to Tender contained on the PCS-Tender project relevant to this procurement and the other Procurement Documents for further information. Supply and Delivery of Safety Masks & Respirators. This includes, but is not limited to surgical masks, FFP3 respirators, valved and non-valved masks.. Economic operators may be excluded from this competition if they are in any of the situations referred to in Regulation 58 of the Public Contracts (Scotland) Regulations 2015. Please see the Invitation to Tender contained on the PCS-Tender project relevant to this procurement and the other Procurement Documents for further information. Supply and Delivery of Gloves. This includes but is not limited to nitrile gloves, disposable gloves and cut protection gloves.. Economic operators may be excluded from this competition if they are in any of the situations referred to in Regulation 58 of the Public Contracts (Scotland) Regulations 2015. Please see the Invitation to Tender contained on the PCS-Tender project relevant to this procurement and the other Procurement Documents for further information. Supply and Delivery of Traditional Workwear. This includes but is not limited to shirts, trousers, polo shirts, shorts and fleece tops.. Economic operators may be excluded from this competition if they are in any of the situations referred to in Regulation 58 of the Public Contracts (Scotland) Regulations 2015. Please see the Invitation to Tender contained on the PCS-Tender project relevant to this procurement and the other Procurement Documents for further information. Supply and Delivery of Health, Hospitality and Leisure Workwear. Economic operators may be excluded from this competition if they are in any of the situations referred to in Regulation 58 of the Public Contracts (Scotland) Regulations 2015. Please see the Invitation to Tender contained on the PCS-Tender project relevant to this procurement and the other Procurement Documents for further information. Supply and Delivery of Footwear. This includes but is not limited to safety shoes, rubber boots, safety boots and waterproof boots.. Economic operators may be excluded from this competition if they are in any of the situations referred to in Regulation 58 of the Public Contracts (Scotland) Regulations 2015. Please see the Invitation to Tender contained on the PCS-Tender project relevant to this procurement and the other Procurement Documents for further information. Supply and Delivery of First Aid Materials and Associated Products. Economic operators may be excluded from this competition if they are in any of the situations referred to in Regulation 58 of the Public Contracts (Scotland) Regulations 2015. Please see the Invitation to Tender contained on the PCS-Tender project relevant to this procurement and the other Procurement Documents for further information. Supply and Delivery of Protective and Hi Viz Workwear. This includes but is not limited to hi vis vests, jackets, trousers and wet weather clothing.. Economic operators may be excluded from this competition if they are in any of the situations referred to in Regulation 58 of the Public Contracts (Scotland) Regulations 2015. Please see the Invitation to Tender contained on the PCS-Tender project relevant to this procurement and the other Procurement Documents for further information. Lot for the Supply and Delivery of Automated External Defibrillators (AEDs). Economic operators may be excluded from this competition if they are in any of the situations referred to in Regulation 58 of the Public Contracts (Scotland) Regulations 2015. Please see the Invitation to Tender contained on the PCS-Tender project relev",Scotland Excel
Patient Temperature Management and Fluid Warming,2026-01-07,SCT,7600000.0,https://www.publiccontractsscotland.gov.uk/search/show/ocds-r6ebe6-0000817365,rls-88-DEC544784,33186200,"Fluid Warming - Neonates & Paediatrics up to 20kgs in weight
 Delivery will be mainly into the NDS (National Distribution Site) however there maybe some requirement for product to be delivered direct to each Health Board. This Lot will be awarded as a Multi Supplier unranked award were we envisage awarding 5 suppliers to this Lot Patient Warming Blankets (Forced Air) devices and consumables. Delivery will be mainly into the NDS (National Distribution Site) however there maybe some requirement for product to be delivered direct to each Health Board. This Lot will be awarded as a Multi Supplier unranked award were we envisage awarding 5 suppliers to this Lot Patient Warming - Reusables Delivery will be mainly into the NDS (National Distribution Site) however there maybe some requirement for product to be delivered direct to each Health Board. This Lot will be awarded as a Multi Supplier unranked award were we envisage awarding 5 suppliers to this Lot Fluid Warming - Standard Flow. Delivery will be mainly into the NDS (National Distribution Site) however there maybe some requirement for product to be delivered direct to each Health Board. This Lot will be awarded as a Multi Supplier unranked award were we envisage awarding 5 suppliers to this Lot Fluid Warming - Rapid flow (minimum flow rate 500mls/min)
 Delivery will be mainly into the NDS (National Distribution Site) however there maybe some requirement for product to be delivered direct to each Health Board. This Lot will be awarded as a Multi Supplier unranked award were we envisage awarding 5 suppliers to this Lot Controlled patient temperature management.
 Delivery will be mainly into the NDS (National Distribution Site) however there maybe some requirement for product to be delivered direct to each Health Board. This Lot will be awarded as a Multi Supplier unranked award were we envisage awarding 5 suppliers to this Lot Warming Cabinets and Warming Shelves Delivery will be mainly into the NDS (National Distribution Site) however there maybe some requirement for product to be delivered direct to each Health Board. This Lot will be awarded as a Multi Supplier unranked award were we envisage awarding 5 suppliers to this Lot Patient Warming Blankets (Non Forced Air) devices and associated consumables will be mainly into the NDS (National Distribution Site) however there maybe some requirement for product to be delivered direct to each Health Board. This Lot will be awarded as a Multi Supplier unranked award were we envisage awarding 5 suppliers to this Lot",The Common Services Agency (more commonly known as NHS National Services Scotland) (NSS)
"Six (6) Haptic Arms (4 non-portable and 2 portable) and related accessories, consumables, service and maintenance",2026-02-27,SCT,,https://www.publiccontractsscotland.gov.uk/search/show/ocds-r6ebe6-0000821953,rls-12-JAN548259,33130000,"The University of Dundeeâs School of Dentistry requires 6 Haptic Arms (4 non-portable and 2 portable) and related accessories, consumables, service and maintenance. The Haptic Arms are to advance and support teaching, learning, assessment, research and scholarship training of both undergraduate and postgraduate dentists and therapists, as well as the wider dental team. The Haptic Arms shall be housed in the Dental School, Room no N1011, on Park Place, Dundee. Delivery, installation, and user training shall be coordinated with the end user.",University of Dundee
NP57026 Disposable Medical Pulp and Associated Products,2026-03-03,SCT,11406834.0,https://www.publiccontractsscotland.gov.uk/search/show/ocds-r6ebe6-0000821748,rls-18-JAN548142,03460000 33140000,"Mandatory items:
 Female Urinal
 Male Urinal Bottle - Round (up to 900ml)
 Male Urinal Bottle - Square (up to 900ml) Mandatory Items:
 Bed Pan Liner 2000ml
 Bed Pan Support (Compatible with bed pan liner) Mandatory Items:
 Kidney Dish 700ml
 Graduated Measuring Jug 1000ml
 Multi Cup 300ml
 Shallow Tray 225mm x 135mm x 20mm (or nearest equivalent size)
 Deep Tray 216mm x 143mm x 38mm (or nearest equivalent size) Mandatory Items:
 Slipper Pan Liner 1300ml
 Slipper Pan Liner 2000ml Mandatory Items:
 Graduated Small Bowl 1000ml
 Graduated Medium Bowl 1700ml Absorbent Powder for use in the solidification of urine/liquid, used in conjunction with disposable pulp products.
 Mandatory Items:
 Absorbent Powder (Sachets) or closest equivalent Mandatory Items:
 Waxed Paper Medicine Pot 28ml or closest equivalent volume",The Common Services Agency (more commonly known as NHS National Services Scotland) (NSS)
NP38626 Compounded Aseptic Medicines,2026-02-13,SCT,21915834.0,https://www.publiccontractsscotland.gov.uk/search/show/ocds-r6ebe6-0000818391,rls-57-JAN547174,33600000,"Supply of Compounded Aseptic Medicines to NHS Scotland.
 The Authority intends to award this Lot as a single supplier framework.
 Molecules included within this Lot are as follows:
 BORTEZOMIB
 CISPLATIN
 DOCETAXEL
 DOXORUBICIN
 GEMCITABINE
 INFLIXIMAB
 OXALIPLATIN
 TRASTUZUMAB
 VINCRISTINE
 Full details of Goods and volumes can be found within the ITT documents. Supply of Compounded Aseptic Medicines to NHS Scotland.
 The Authority intends to award this Lot as an un-ranked multi supplier framework to a maximum of three (3) Framework Participants.
 Molecules included within this Lot are as follows:
 BEVACIZUMAB
 CYTARABINE
 FLUOROURACIL PRE-FILLED PUMPS
 INSULIN
 METHOTREXATE
 NATALIZUMAB
 PACLITAXEL
 PANITUMUMAB
 TRASTUZUMAB
 VEDOLIZUMAB
 Full details of Goods and volumes can be found within the ITT documents. Supply of Compounded Aseptic Medicines to NHS Scotland.
 The Authority intends to award this Lot as a single supplier framework.
 Molecules included within this Lot are as follows:
 EPIRUBICIN
 FLUOROURACIL
 IRINOTECAN
 METHOTREXATE
 NIVOLUMAB
 RITUXIMAB
 Full details of Goods and volumes can be found within the ITT documents. Supply of Compounded Aseptic Medicines to NHS Scotland.
 The Authority intends to award this Lot as a single supplier framework.
 Molecules included within this Lot are as follows:
 CARBOPLATIN
 CETUXIMAB
 CYCLOPHOSPHAMIDE
 PEMBROLIZUMAB
 Full details of Goods and volumes can be found within the ITT documents.",The Common Services Agency (more commonly known as NHS National Services Scotland) (NSS)
NP56326 Service for Peritoneal Dialysis Treatments,2026-02-12,SCT,14000000.0,https://www.publiccontractsscotland.gov.uk/search/show/ocds-r6ebe6-0000817952,rls-66-JAN546953,33181520 33600000 33692800 85312200,"The provision of a homecare delivery service to enable patients within NHS Scotland to self-administer peritoneal dialysis treatments at home. The service includes the supply of sterile dialysate fluids dispensed in accordance with each individual patient's prescription as detailed within the specification contained within the tender documentation.
 This tender is for a maximum of 200 patients across Scotland resulting in approximately 2000 deliveries per annum. The number of patients and deliveries will vary through the duration of the framework agreement.
 This Lot will be awarded as an unranked multi supplier framework to a maximum of two (2) suppliers. Full details of the products can be found within the ITT documents. The provision of a homecare delivery service to enable patients within NHS Scotland to self-administer peritoneal dialysis treatments at home. The service may include the supply of a dialysis machine, consumables as required, sterile dialysate fluids dispensed in accordance with each individual patient's prescription, ancillaries as required, the homecare delivery service to the patient at home, or other agreed delivery point, and the removal of waste if required as detailed within the specification contained within the tender documentation.
 This tender is for a maximum of 200 patients across Scotland resulting in approximately 2000 deliveries per annum. The number of patients and deliveries will vary through the duration of the framework agreement.
 This Lot will be awarded as an unranked multi supplier framework to a maximum of two (2) suppliers. Full details of the Service can be found within the ITT documents.",The Common Services Agency (more commonly known as NHS National Services Scotland) (NSS)
HH072-25-HB Specialist Environmental Aids for Deaf People,2026-02-09,SCT,125000.0,https://www.publiccontractsscotland.gov.uk/search/show/ocds-r6ebe6-0000813938,rls-70-JAN546876,32552150 32552160 33185000 33185100 33196000 33196100 33196200 85120000,"NHS Highland is seeking to engage a suitably qualified organisation to deliver a comprehensive service for the provision of environmental aids and equipment designed to enhance the independence, safety, and overall wellbeing of individuals with hearing loss across the Highland region.
 The appointed contractor will be responsible for the following key service components:
 Supply of Aids and Equipment: Provision of specialist environmental aids and equipment to eligible individuals, on a loan basis, as determined by NHS Highlandâs established risk and eligibility criteria.
 Maintenance and Repair Services: Facilitation of repairs to issued equipment where feasible, ensuring that returned items are restored to a functional condition suitable for re-issue, thereby supporting the sustainability and efficiency of the service.
 Recycling and Disposal Compliance: Management of equipment recycling and disposal in accordance with the Waste Electrical and Electronic Equipment (WEEE) regulations, ensuring environmentally responsible practices are upheld.
 Training and Advisory Support: Delivery of expert guidance and training to deaf support staff, covering the operation, functionality, and appropriateness of the aids and equipment provided, to ensure optimal use and benefit for individuals with hearing loss.",NHS Highland
Cath Labs and Cardiology Stents,2026-02-16,SCT,40800000.0,https://www.publiccontractsscotland.gov.uk/search/show/ocds-r6ebe6-0000819935,rls-75-JAN546707,33140000 33141200 33141210 34722100,"Provision of Balloon Catheters for use in Cardiology. Provision of Diagnostic Catheters for use in Cardiology. Provision of Guide Catheters for use in cardiology. Provision of Guide Extension Catheters for use in cardiology. Provision of Femoral Introducers for use in Cardiology. Provision of Radial Introducers for use in Cardiology. Provision of Radial Compression Devices for use in Cardiology. Provision of FFR Measurement Systems for use in Cardiology. Provision of Intra Aortic Balloon Catheters for use in Cardiology Provision of Inflation Devices for use in Cardiology. Provision of Vascular Closure Devices for use in Cardiology. Provision of IVUS Consumables for use in Cardiology. Provision of OCT Consumables for use in Cardiology. Provision of Workhorse Drug Eluting Stents for use in Cardiology. Provision of High Risk Bleed Drug Eluting Stents for use in Cardiology. Provision of niche Drug Eluting Stents for use in cardiology. Provision of Drug Eluting Balloons for use in Cardiology. Provision of Angio Guidewires for use in Cardiology. Accessories - Unscored Lot.
 This Lot is for items which don't fall into Lots 1-20 but are used in association with an item(s) submitted in another Lot. These items must be relevant to any of the items within Lots 1-20 of the framework. The Authority reserves the right to accept or decline any items submitted into this Lot onto the framework. Suppliers are only awarded to this Lot if they have been successfully awarded to one of the scored Lots (1-20). Innovation - Unscored Lot.
 For unique and new items which are yet to be made available to the market, but will become available over the duration of the framework. They must be the first of its kind to the market, with no other equivalent available. These items must be relevant to any of the items within Lots 1-20. The Authority reserves the right to accept or decline any items submitted into this Lot onto the framework. Suppliers are automatically awarded to this Lot if they have been successfully awarded to any of the other Lots (1-20). Commitment Lot - Unscored.
 This Lot is for suppliers who have been awarded to one or more of the scored Lots (1-20). The purpose of this Lot is to allow suppliers to propose commitment (value or volume) or collaboration (multi Health Boards) structures, which will result in improved value for end users or Health Boards. Please detail below any improved value offers below. Calcium Management for use in Cardiology.
 This lot is UNSCORED.",The Common Services Agency (more commonly known as NHS National Services Scotland) (NSS)
Cath Labs and Cardiology Stents,2026-02-16,SCT,40800000.0,https://www.publiccontractsscotland.gov.uk/search/show/ocds-r6ebe6-0000819879,rls-76-JAN546646,33140000 33141200 33141210 34722100,"Provision of Balloon Catheters for use in Cardiology. Provision of Diagnostic Catheters for use in Cardiology. Provision of Guide Catheters for use in cardiology. Provision of Guide Extension Catheters for use in cardiology. Provision of Femoral Introducers for use in Cardiology. Provision of Radial Introducers for use in Cardiology. Provision of Radial Compression Devices for use in Cardiology. Provision of FFR Measurement Systems for use in Cardiology. Provision of Intra Aortic Balloon Catheters for use in Cardiology Provision of Inflation Devices for use in Cardiology. Provision of Vascular Closure Devices for use in Cardiology. Provision of IVUS Consumables for use in Cardiology. Provision of OCT Consumables for use in Cardiology. Provision of Workhorse Drug Eluting Stents for use in Cardiology. Provision of High Risk Bleed Drug Eluting Stents for use in Cardiology. Provision of niche Drug Eluting Stents for use in cardiology. Provision of Drug Eluting Balloons for use in Cardiology. Provision of Angio Guidewires for use in Cardiology. Accessories - Unscored Lot.
 This Lot is for items which don't fall into Lots 1-20 but are used in association with an item(s) submitted in another Lot. These items must be relevant to any of the items within Lots 1-20 of the framework. The Authority reserves the right to accept or decline any items submitted into this Lot onto the framework. Suppliers are only awarded to this Lot if they have been successfully awarded to one of the scored Lots (1-20). Innovation - Unscored Lot.
 For unique and new items which are yet to be made available to the market, but will become available over the duration of the framework. They must be the first of its kind to the market, with no other equivalent available. These items must be relevant to any of the items within Lots 1-20. The Authority reserves the right to accept or decline any items submitted into this Lot onto the framework. Suppliers are automatically awarded to this Lot if they have been successfully awarded to any of the other Lots (1-20). Commitment Lot - Unscored.
 This Lot is for suppliers who have been awarded to one or more of the scored Lots (1-20). The purpose of this Lot is to allow suppliers to propose commitment (value or volume) or collaboration (multi Health Boards) structures, which will result in improved value for end users or Health Boards. Please detail below any improved value offers below. Calcium Management for use in Cardiology.
 This lot is UNSCORED.",The Common Services Agency (more commonly known as NHS National Services Scotland) (NSS)
Cath Labs and Cardiology Stents,2026-02-16,SCT,40800000.0,https://www.publiccontractsscotland.gov.uk/search/show/ocds-r6ebe6-0000815734,rls-77-JAN546632,33140000 33141200 33141210 34722100,"Provision of Balloon Catheters for use in Cardiology. Provision of Diagnostic Catheters for use in Cardiology. Provision of Guide Catheters for use in cardiology. Provision of Guide Extension Catheters for use in cardiology. Provision of Femoral Introducers for use in Cardiology. Provision of Radial Introducers for use in Cardiology. Provision of Radial Compression Devices for use in Cardiology. Provision of FFR Measurement Systems for use in Cardiology. Provision of Intra Aortic Balloon Catheters for use in Cardiology Provision of Inflation Devices for use in Cardiology. Provision of Vascular Closure Devices for use in Cardiology. Provision of IVUS Consumables for use in Cardiology. Provision of OCT Consumables for use in Cardiology. Provision of Workhorse Drug Eluting Stents for use in Cardiology. Provision of High Risk Bleed Drug Eluting Stents for use in Cardiology. Provision of niche Drug Eluting Stents for use in cardiology. Provision of Drug Eluting Balloons for use in Cardiology. Provision of Angio Guidewires for use in Cardiology. Accessories - Unscored Lot.
 This Lot is for items which don't fall into Lots 1-20 but are used in association with an item(s) submitted in another Lot. These items must be relevant to any of the items within Lots 1-20 of the framework. The Authority reserves the right to accept or decline any items submitted into this Lot onto the framework. Suppliers are only awarded to this Lot if they have been successfully awarded to one of the scored Lots (1-20). Innovation - Unscored Lot.
 For unique and new items which are yet to be made available to the market, but will become available over the duration of the framework. They must be the first of its kind to the market, with no other equivalent available. These items must be relevant to any of the items within Lots 1-20. The Authority reserves the right to accept or decline any items submitted into this Lot onto the framework. Suppliers are automatically awarded to this Lot if they have been successfully awarded to any of the other Lots (1-20). Commitment Lot - Unscored.
 This Lot is for suppliers who have been awarded to one or more of the scored Lots (1-20). The purpose of this Lot is to allow suppliers to propose commitment (value or volume) or collaboration (multi Health Boards) structures, which will result in improved value for end users or Health Boards. Please detail below any improved value offers below. Calcium Management for use in Cardiology.
 This lot is UNSCORED.",The Common Services Agency (more commonly known as NHS National Services Scotland) (NSS)
NP36126 Antibiotic & Genito Urinary Medicines,2026-02-06,SCT,88941093.0,https://www.publiccontractsscotland.gov.uk/search/show/ocds-r6ebe6-0000801508,rls-78-JAN546601,33600000,"Supply of Antibiotic, Antiviral & Genito Urinary Medicines to NHS Scotland.
 The Authority intends to award this Lot as a single supplier framework per product line.
 Full details of Goods and volumes can be found within the ITT documents. Supply of Tobramycin, Colistimethate and Dornase Alfa Medicines for Inhalation to NHS Scotland.
 The Authority intends to award this Lot as an unranked multi-supplier framework per product line to a maximum of six (6) Framework Participants.
 Full details of Goods and volumes can be found within the ITT documents Supply of Emergency Planning Antibiotics to NHS Scotland.
 The Authority intends to award this Lot as a single supplier framework per product line.
 Full details of Goods and volumes can be found within the ITT documents. Supply of Antibiotics for supply to the National NHS Pharmaceutical Specials Service (PSS) to NHS Scotland.
 The Authority intends to award this Lot as a single supplier framework per product line.
 Full details of Goods and volumes can be found within the ITT documents Supply of Vancomycin 1g & 500mg powder for solution for infusion vials âsingle vials to NHS Scotland.
 The Authority intends to award this Lot as a single supplier framework.
 Full details of Goods and volumes can be found within the ITT documents Supply of Vancomycin 1g & 500mg powder for solution for infusion vials â 10 vial pack to NHS Scotland.
 The Authority intends to award this Lot as a single supplier framework.
 Full details of Goods and volumes can be found within the ITT documents. Supply of Vancomycin 1g & 500mg powder for solution for infusion vials â 5 vial pack to NHS Scotland.
 The Authority intends to award this Lot as a single supplier framework.
 Full details of Goods and volumes can be found within the ITT documents. Supply of Teicoplanin 200mg & 400mg powder and solvent for solution for injection vials â single vials to NHS Scotland.
 The Authority intends to award this Lot as a single supplier framework.
 Full details of Goods and volumes can be found within the ITT documents.",The Common Services Agency (more commonly known as NHS National Services Scotland) (NSS)
HIV Medicines,2026-02-04,SCT,89900000.0,https://www.publiccontractsscotland.gov.uk/search/show/ocds-r6ebe6-0000819080,rls-84-JAN546436,33600000,"Supply of generic HIV medicines to NHS Scotland. The Authority intends to award this Lot as a ranked multi-supplier framework per product line to a maximum of four (4) Framework Participants. Full details of Goods and volumes can be found within the ITT documents. Supply of branded HIV medicines to NHS Scotland. The Authority intends to award this Lot as a single supplier framework per product line.
 NOTE: Lines 62 and 63 will be awarded as unranked multi supplier framework agreements to a maximum of two (2) Framework Participants.
 Full details of Goods and volumes can be found within the ITT documents.",The Common Services Agency (more commonly known as NHS National Services Scotland) (NSS)
BVD p80 Ab Elisa Test Kits,2026-03-27,SCT,96000.0,https://www.publiccontractsscotland.gov.uk/search/show/ocds-r6ebe6-0000824487,rls-20-FEB550177,33124130 33141625 33696500,"SRUC Veterinary Services (VS), a wholly owned subsidiary of SRUC, provides veterinary advice and laboratory services to thousands of customers in Great Britain, Ireland and Worldwide. We employ over 25 vets who have the backing of around 100 scientific and support staff.
 Operating to ISO17025, we provide a practical approach coupled with strong scientific knowledge. Our services are delivered through a network of Disease Surveillance Hubs located across Scotland.
 Under this contract the supplier is required to provide and deliver SRUCâs requirement for test kits for BVD Ab testing.
 At current levels, SRUC carries out circa 44000 BVD Ab tests per annum at its Veterinary and Analytical Laboratory located at the Pentlands Science Park, Penicuik, EH26 0PZ.",SRUC
Vehicle and Plant Hire,2026-03-16,SCT,120000000.0,https://www.publiccontractsscotland.gov.uk/search/show/ocds-r6ebe6-0000810626,rls-46-FEB549543,33141642 34100000 34113300 34114000 34115200 34120000 34140000 34142100 34143000 34144000 34144410 34144430 34144431 34144500 34144510 34144511 34144512 34144900 34514700 34921000 34921100 42120000 42122220 42410000 42414000 42414100 42414310 42415100 42418000 43200000 43210000 43312000 43324000 43325100 45510000 45520000 60170000 60172000 60180000 60181000 60182000 60183000,"Lot 1 is for the hire of cars and light vehicles for use by all 32 Scottish councils and other contracting authorities permitted to call-off contracts under the proposed Framework Agreement.
 The cars and light vehicles to be covered are, but not limited to, small cars, executive cars and vans up to 3.5 tonnes.. Economic operators may be excluded from this competition if they are in any of the situations referred to in Regulation 58 of the Public Contracts (Scotland) Regulations 2015. Please see the Invitation to Tender contained on the PCS-Tender project relevant to this procurement and the other Procurement Documents for further information. Lot 2 is for the hire of minibuses/buses with or without a driver, for use by all 32 Scottish councils and other contracting authorities permitted to call-off contracts under the proposed Framework Agreement.. Economic operators may be excluded from this competition if they are in any of the situations referred to in Regulation 58 of the Public Contracts (Scotland) Regulations 2015. Please see the Invitation to Tender contained on the PCS-Tender project relevant to this procurement and the other Procurement Documents for further information. Lot 3 is for the hire of commercial vehicles, for use by all 32 Scottish councils and other contracting authorities permitted to call-off contracts under the proposed Framework Agreement.
 The commercial vehicles to be covered are, but not limited to, tippers of various payloads, dropside crewcabs etc.. Economic operators may be excluded from this competition if they are in any of the situations referred to in Regulation 58 of the Public Contracts (Scotland) Regulations 2015. Please see the Invitation to Tender contained on the PCS-Tender project relevant to this procurement and the other Procurement Documents for further information. Lot 6 is for the hire of gritters, for use by all 32 Scottish councils and other contracting authorities permitted to call-off contracts under the proposed Framework Agreement.
 The gritters to be included range in size from 3.5 tonne to 26 tonne.. Economic operators may be excluded from this competition if they are in any of the situations referred to in Regulation 58 of the Public Contracts (Scotland) Regulations 2015. Please see the Invitation to Tender contained on the PCS-Tender project relevant to this procurement and the other Procurement Documents for further information. Lot 7 is for the hire of excavation plant with or without a driver or operator, for use by all 32 Scottish councils and other contracting authorities permitted to call-off contracts under the proposed Framework
 Agreement.
 The plant equipment to be covered is, but is not limited to, dozers, dumpers and excavators.. Economic operators may be excluded from this competition if they are in any of the situations referred to in Regulation 58 of the Public Contracts (Scotland) Regulations 2015. Please see the Invitation to Tender contained on the PCS-Tender project relevant to this procurement and the other Procurement Documents for further information Lot 5 is for the hire of sweepers, for use by all 32 Scottish councils and other contracting authorities permitted to call-off contracts under the proposed Framework Agreement.
 The sweepers to be covered are, but not limited to, a range of sweepers from 0.5 tonne to 18 tonne.. Economic operators may be excluded from this competition if they are in any of the situations referred to in Regulation 58 of the Public Contracts (Scotland) Regulations 2015. Please see the Invitation to Tender contained on the PCS-Tender project relevant to this procurement and the other Procurement Documents for further information. Lot 4 is for the hire of refuse collection vehicles, for use by all 32 Scottish councils and other contracting authorities permitted to call-off contracts under the proposed Framework Agreement.
 The refuse collection vehicles to be covered are, but not limited to, a range of sizes from 3.5",Scotland Excel
Contraceptive Medicines,2026-03-12,SCT,12017956.0,https://www.publiccontractsscotland.gov.uk/search/show/ocds-r6ebe6-0000820742,rls-62-FEB549254,33600000,Supply of Oral Contraceptive Tablets to NHS Scotland. The Authority intends to award this Lot as a Unranked Multi-Supplier Framework on Line-by-Line Basis. Full details of Goods and volumes can be found within the ITT documents. Supply of Levonorgestrel Intrauterine Device to NHS Scotland. The Authority intends to award this Lot as a Unranked Multi-Supplier Framework on Line-by-Line Basis. Full details of Goods and volumes can be found within the ITT documents. Supply of Contraceptives Implants to NHS Scotland. The Authority intends to award this Lot as a Single Supplier Framework on Line-by-Line Basis. Full details of Goods and volumes can be found within the ITT documents. Supply of Contraceptives Injections to NHS Scotland. The Authority intends to award this Lot as a Single Supplier Framework on Line-by-Line Basis. Full details of Goods and volumes can be found within the ITT documents. Supply of All Other Contraceptive Products to NHS Scotland. The Authority intends to award this Lot as a Single Supplier Framework on Line-by-Line Basis. Full details of Goods and volumes can be found within the ITT documents.,The Common Services Agency (more commonly known as NHS National Services Scotland) (NSS)
Microscopy and Imaging Equipment,2026-05-06,SCT,80000000.0,https://www.publiccontractsscotland.gov.uk/search/show/ocds-r6ebe6-0000823577,rls-18-MAR552625,33128000 38510000 38634000 38651000 71900000,"A variety of low-end optical microscopes, with a price of 10,000 GBP (excl. VAT) and less, suitable for laboratory teaching including, but
 not be limited to:
 - Compound Microscopes â upright or inverted equipment featuring optional fluorescence and camera systems for use in teaching, tissue
 culture analysis and routine applications.
 - Stereo and/or Zoom Microscopes - equipment featuring optional fluorescence and camera systems, for routine and clinical dissection,
 sorting, and examination.
 - Gel Documentation Systems.. Economic operators may be excluded from this competition if they are in any of the situations referred to in regulation 58 of the Public Contracts (Scotland) Regulations 2015. Upright or inverted microscopes using laser technology such as Confocal, Spinning Disc, TIRF, Light Sheet and Multi-photon.. Economic operators may be excluded from this competition if they are in any of the situations referred to in regulation 58 of the Public Contracts (Scotland) Regulations 2015. - Deterministic super resolution and stochastic super resolution microscopy equipment such as simulated emission depletion (STED),
 ground state depletion (GSD), SPDMphymod.
 - FLIM/FRET systems.
 - Structured Illumination and other techniques (e.g. array detectors) for super resolution or other methods for achieving sub diffraction
 optical resolution.. Economic operators may be excluded from this competition if they are in any of the situations referred to in regulation 58 of the Public Contracts (Scotland) Regulations 2015. - Specialist camera and detector components for image acquisition in relation to life science applications and materials research.
 - Other detectors â Photo Multiplier Tubes (PMTs), FLIM.. Economic operators may be excluded from this competition if they are in any of the situations referred to in regulation 58 of the Public Contracts (Scotland) Regulations 2015. - Incendescent Lamps
 - Halogen Bulbs
 - Arc Lamps
 - LED Light Sources
 - Lasers.. Economic operators may be excluded from this competition if they are in any of the situations referred to in regulation 58 of the Public Contracts (Scotland) Regulations 2015. A variety of high-end optical microscopes, with a price of over 10,000 GBP (excl. VAT), suitable for research including, but not be limited
 to:
 - Compound Microscopes - upright or inverted equipment featuring optional fluorescence and camera systems for use in teaching, tissue
 culture analysis and routine applications.
 - Stereo and/or Zoom Microscopes - equipment featuring optional fluorescence and camera systems, for routine and clinical dissection,
 sorting, and examination.
 - Label Free Holographic Microscopes
 - Automated Live Cell (extended time lapse) microscopes
 - Slide scanners.. Economic operators may be excluded from this competition if they are in any of the situations referred to in regulation 58 of the Public Contracts (Scotland) Regulations 2015. A variety of high-end systems and associated products that can be used in high-content screening set up. The imaging systems can be
 laser-based or not. Associated products can be, but not limited to, software for data analysis, automatic sample handling etc.. Economic operators may be excluded from this competition if they are in any of the situations referred to in regulation 58 of the Public Contracts (Scotland) Regulations 2015.",APUC Limited
SPS-02117 Provision of Retail Goods to the SPS,2026-05-01,SCT,,https://www.publiccontractsscotland.gov.uk/search/show/ocds-r6ebe6-0000827121,rls-42-MAR552131,03112000 15000000 15312300 15312310 15800000 15812100 15840000 15842000 15842300 15842310 15890000 15893000 15894000 15895000 15900000 15990000 15992000 15993000 33710000 33711000 42200000 42210000 44618420 55300000 55900000 66151100,"The SPS will commence this procurement process in good faith and with the intention of awarding a contract. Following publication of the Contract Notice, an Invitation to Tender (ITT) will be published by SPS and will be made available to bidders on Public Contract Scotland-Tender (PCS-T). Tender responses will then be evaluated by the SPS in accordance with the ITT.",Scottish Prison Service
Patient Lifting,2026-04-08,SCT,8400000.0,https://www.publiccontractsscotland.gov.uk/search/show/ocds-r6ebe6-0000825494,rls-85-MAR551217,33192600,"Non powered Sit to Stand Transfer Aid delivered direct to each Health Board and local authorities if required. This Lot will be awarded as a Multi Supplier unranked award were we envisage awarding 4 suppliers to this Lot Acute Mobile Hoist active Electric, This Lot will be awarded as a Multi Supplier unranked award were we envisage awarding 4 suppliers to this Lot. Acute Mobile Hoist passive electric, delivered to Health Boards and Local Authorities if requested, This Lot will be awarded as a Multi Supplier unranked award were we envisage awarding 4 suppliers to this Lot Mobile Hoist passive electric bariatric add on weigh mechanism Deliver, product to be delivered direct to each Health Board or local authority if requested. This Lot will be awarded as a Multi Supplier unranked award were we envisage awarding 4 suppliers to this Lot Acute Gantry ( Passive Electric) Hoist delivered direct to each Health Board and local authorities if requested . This Lot will be awarded as a Multi Supplier unranked award were we envisage awarding 4 suppliers to this Lot Patient Specific Clip Slings passive, delivered to the National Distribution Centre or direct to each Health Board and local authorities if requested. This Lot will be awarded as a Multi Supplier unranked award were we envisage awarding 4 suppliers to this Lot Patient Specific Clip Slings Active will be delivered into the NDS (National Distribution Site) and direct to each Health Board and to local authorities if requested. This Lot will be awarded as a Multi Supplier unranked award were we envisage awarding 4 suppliers to this Lot Reusable Clip Slings Passive, Delivery may be into the NDS (National Distribution Site) or delivered direct to each Health Board, local authority if requested. This Lot will be awarded as a Multi Supplier unranked award were we envisage awarding 4 suppliers to this Lot Reusable Clip Slings Active, Delivery may be into the NDS (National Distribution Site) or delivered direct to each Health Board, local authority if requested. This Lot will be awarded as a Multi Supplier unranked award were we envisage awarding 4 suppliers to this Lot Patient Specific Loop Slings Passive, Delivery may be into the NDS (National Distribution Site) or delivered direct to each Health Board, local authority if requested. This Lot will be awarded as a Multi Supplier unranked award were we envisage awarding 4 suppliers to this Lot Patient Specific Loop Slings Active, Delivery may be into the NDS (National Distribution Site) or delivered direct to each Health Board, local authority if requested. This Lot will be awarded as a Multi Supplier unranked award were we envisage awarding 4 suppliers to this Lot Reusable Loop Slings Passive, Delivery may be into the NDS (National Distribution Site) or delivered direct to each Health Board, local authority if requested. This Lot will be awarded as a Multi Supplier unranked award were we envisage awarding 4 suppliers to this Lot Reusable Loop Slings Active, Delivery may be into the NDS (National Distribution Site) or delivered direct to each Health Board, local authority if requested. This Lot will be awarded as a Multi Supplier unranked award were we envisage awarding 4 suppliers to this Lot Sliding Sheets Reusable, Delivery may be into the NDS (National Distribution Site) or delivered direct to each Health Board, local authority if requested. This Lot will be awarded as a Multi Supplier unranked award were we envisage awarding 4 suppliers to this Lot Sliding Sheets- Patient Specific, Delivery may be into the NDS (National Distribution Site) or delivered direct to each Health Board, local authority if requested. This Lot will be awarded as a Multi Supplier unranked award were we envisage awarding 4 suppliers to this Lot Air Assisted Supine Transfer Device, Delivery may be into the NDS (National Distribution Site) or delivered direct to each Health Board, local authority if requested. This Lot will be awarded as a Multi Supplier unranked ",The Common Services Agency (more commonly known as NHS National Services Scotland) (NSS)
NP86726 - Testing Kits Assembly & Distribution Service,2026-06-01,SCT,800000.0,https://www.publiccontractsscotland.gov.uk/search/show/ocds-r6ebe6-0000830695,rls-4-APR554912,33140000,"The requirement for the awarded supplier is as follows:
 Receive FOC inventory items from PHS/PDS as mentioned in each testing kit
 Source the supplier managed inventory items
 Build the relevant kits as requested
 Ship/Despatch the test kits for onward delivery
 Manage inventory/stock control of both Supplier Purchased items and FOC provided items from PHS/PDS, triggering the relevant orders/request for more FOC items as and when required. Receive FOC inventory items from PHS/PDS as mentioned in each testing kit
 Source the supplier managed inventory items
 Build the relevant kits as requested
 Ship/Despatch the test kits for onward delivery
 Manage inventory/stock control of both Supplier Purchased items and FOC provided items from PHS/PDS, triggering the relevant orders/request for more FOC items as and when required. The requirement for the awarded supplier is as follows:
 Receive FOC inventory items from PHS/PDS as mentioned in each testing kit
 Source the supplier managed inventory items
 Build the relevant kits as requested
 Ship/Despatch the test kits for onward delivery
 Manage inventory/stock control of both Supplier Purchased items and FOC provided items from PHS/PDS, triggering the relevant orders/request for more FOC items as and when required.
 Please note no stock is required to be held for these test kits, however the supplier must have the ability to stand up the sourcing/building of these kits within 24 hours notice in response to any future Pandemics. LFDs will be provided FOC from PDS to the awarded the supplier, the requirement for this area is that the awarded supplier will receive electronic notifications of the orders that are required twice daily, the supplier will then take one box of LFDs per order then action as follows:
 Apply Shipping label
 Despatch for onward delivery The supplier is required to store a number of pallets containing FOC supplied Stock from PSD/PHS this will vary depending on demand.
 The supplier is required to despatch any relevant orders for Lots 1-4 for onward delivery to the relevant end users as required",The Common Services Agency (more commonly known as Public Services Delivery Scotland) (PSD Scotland)
Fife Assertive Outreach & Recovery Service,2026-05-05,SCT,4214224.0,https://www.publiccontractsscotland.gov.uk/search/show/ocds-r6ebe6-0000828466,rls-78-APR553196,33693300 85000000 85300000 85310000 85312000 85312300 85312310 85312320 85312500 85323000,"Fifeâs Alcohol and Drug Partnership (âFife ADPâ) wishes to procure an experienced organisation to provide an assertive outreach, trauma informed, relationship based and wraparound person-centred service, embedded within all Fife communities for people affected by their own substance use. A flexible and multiple service modelled approach within the oneâ¯organisationâ¯isâ¯required, allowing for a high degree of agility and responsiveness for different entry and exit points.â¯Theâ¯service model has four components, as follows:
 - Triage, Assessment & Harm Reduction
 - Assertive Outreach
 - Recovery Activities and Communities
 - Training and Workforce Development
 Further details are provided within the Service Specification.",Fife Council
Janitorial Products,2026-06-26,SCT,17900000.0,https://www.publiccontractsscotland.gov.uk/search/show/ocds-r6ebe6-0000832270,rls-9-MAY556636,18424300 33711900 33761000 33763000 33771000 33771100 34928480 39222100 39224000 39224200 39224310 39224340 39525800 39830000 39831000 39831200 39831300 39831600 39831700 42933100 42968200 42968300,"The scope of this agreement is the supply of a range of Janitorial and Cleaning products and associated products, materials and services.
 Contractors must be able to price and supply a minimum of 71.75% (170-line items) of the products listed in the Core Product List (Section A) for Lot 1.. Economic operators may be excluded from this competition if they are in any of the situations referred to in regulation 58 of the Public Contracts (Scotland) Regulations 2015. The scope of this lot is the supply of a range of single use and re-usable sanitary products and associate products and support services as detailed in the Invitation to Tender documents and appendices to multiple sites and locations across Scotland as detailed in Appendix E - List of Institutions alongside the option to deliver directly to students.
 Contractors must be able to price and supply a minimum of 64.71% (22 line items) of the products listed in the Core Product List (Section A) for Lot 2.. Economic operators may be excluded from this competition if they are in any of the situations referred to in regulation 58 of the Public Contracts (Scotland) Regulations 2015.",APUC Limited
Dental Sundries,2026-06-25,SCT,13000000.0,https://www.publiccontractsscotland.gov.uk/search/show/ocds-r6ebe6-0000832732,rls-14-MAY556575,33141800,"This lot will be awarded as a Multi Supplier Unranked award were we envisage awarding 4 suppliers.
 This contract framework is for the provision of Dental Sundries for NHSS Health Boards including the following commodity groups;
 Consumables, Standard Endodontics, Finishing and Polishing, General Hygiene, Hand Instruments, Hand Pieces, Impressions, Linings and Cements, Matrix Systems, Oral Hygiene, Pins & Posts, Prevention, Restoratives, Rotary Instruments, Surgical, Temporary Crowns and Materials.
 For NHSS Hospital locations. General Dental Practitioners (GDPs) are not in scope for this framework. This lot will be awarded as a Multi Supplier Unranked award were we envisage awarding 4 suppliers.
 This contract framework is for the provision of Dental Sundries for NHSS Health Boards including the following commodity groups;
 Consumables, Standard Endodontics, Finishing and Polishing, General Hygiene, Hand Instruments, Hand Pieces, Impressions, Linings and Cements, Matrix Systems, Oral Hygiene, Pins & Posts, Prevention, Restoratives, Rotary Instruments, Surgical, Temporary Crowns and Materials.
 For NHSS Hospital locations. General Dental Practitioners (GDPs) are not in scope for this framework. This lot will be awarded as a Multi Supplier Unranked award were we envisage awarding 4 suppliers.
 This contract framework is for the provision of Dental Sundries for NHSS Health Boards including the following commodity groups;
 Consumables, Standard Endodontics, Finishing and Polishing, General Hygiene, Hand Instruments, Hand Pieces, Impressions, Linings and Cements, Matrix Systems, Oral Hygiene, Pins & Posts, Prevention, Restoratives, Rotary Instruments, Surgical, Temporary Crowns and Materials.
 For NHSS Hospital locations. General Dental Practitioners (GDPs) are not in scope for this framework. This lot will be awarded as a Multi Supplier Unranked award were we envisage awarding 4 suppliers.
 This contract framework is for the provision of Dental Sundries for NHSS Health Boards including the following commodity groups;
 Consumables, Standard Endodontics, Finishing and Polishing, General Hygiene, Hand Instruments, Hand Pieces, Impressions, Linings and Cements, Matrix Systems, Oral Hygiene, Pins & Posts, Prevention, Restoratives, Rotary Instruments, Surgical, Temporary Crowns and Materials.
 For NHSS Hospital locations. General Dental Practitioners (GDPs) are not in scope for this framework. This lot will be awarded as a Multi Supplier Unranked award were we envisage awarding 4 suppliers.
 This contract framework is for the provision of Dental Sundries for NHSS Health Boards including the following commodity groups;
 Consumables, Standard Endodontics, Finishing and Polishing, General Hygiene, Hand Instruments, Hand Pieces, Impressions, Linings and Cements, Matrix Systems, Oral Hygiene, Pins & Posts, Prevention, Restoratives, Rotary Instruments, Surgical, Temporary Crowns and Materials.
 For NHSS Hospital locations. General Dental Practitioners (GDPs) are not in scope for this framework. This lot will be awarded as a Multi Supplier Unranked award were we envisage awarding 4 suppliers.
 This contract framework is for the provision of Dental Sundries for NHSS Health Boards including the following commodity groups;
 Consumables, Standard Endodontics, Finishing and Polishing, General Hygiene, Hand Instruments, Hand Pieces, Impressions, Linings and Cements, Matrix Systems, Oral Hygiene, Pins & Posts, Prevention, Restoratives, Rotary Instruments, Surgical, Temporary Crowns and Materials.
 For NHSS Hospital locations. General Dental Practitioners (GDPs) are not in scope for this framework.",The Common Services Agency (more commonly known as Public Services Delivery Scotland) (PSD Scotland)
PURCH2887 Provision of CVRU Rack Washer Replacement,2026-06-23,SCT,,https://www.publiccontractsscotland.gov.uk/search/show/ocds-r6ebe6-0000832618,rls-25-MAY556372,33100000 42995000,"PURCH2887 Provision of CVRU Rack Washer Replacement for the Period of Three Years with the Option to Extend for a Further Two Periods of Twelve Months
 The University Cardiovascular Research Unit (CVRU) requires a new rack washer to handle variety of cage types and accessories (rodent and lagomorph cages; IVC racks; rabbit pens; environmental enrichment, water bottles).
 Please refer to the âPURCH2887 â Invitation to Tenderâ for further details and specification",University of Glasgow
Operating Tables & Theatre Lighting,2026-06-22,SCT,2000000.0,https://www.publiccontractsscotland.gov.uk/search/show/ocds-r6ebe6-0000826313,rls-30-MAY556234,31524110 33162100 33169000 33192230 39143112,"The supply and delivery of mobile operating tables. All suppliers awarded to the framework must be able to provide a full project management service which includes pre-installation assessment, supply, delivery, assembly, final placement, installation and handover. The supply and delivery of transfer systems. All suppliers awarded to the framework must be able to provide a full project management service which includes pre-installation assessment, supply, delivery, assembly, final placement, installation and handover. The supply and delivery of surgical trolley systems. All suppliers awarded to the framework must be able to provide a full project management service which includes pre-installation assessment, supply, delivery, assembly, final placement, installation and handover. The supply and delivery of theatre lighting. All suppliers awarded to the framework must be able to provide a full project management service which includes pre-installation assessment, supply, delivery, assembly, final placement, installation and handover. The supply and delivery of mattresses. All suppliers awarded to the framework must be able to provide a full project management service which includes pre-installation assessment, supply, delivery, assembly, final placement, installation and handover. The supply and delivery of pendants. All suppliers awarded to the framework must be able to provide a full project management service which includes pre-installation assessment, supply, delivery, assembly, final placement, installation and handover.",The Common Services Agency (more commonly known as NHS National Services Scotland) (NSS)
NP49426a Transition Medicines,2026-06-22,SCT,61847781.0,https://www.publiccontractsscotland.gov.uk/search/show/ocds-r6ebe6-0000832157,rls-33-MAY556209,33600000,"Supply of RSV Monoclonal Antibody Medicines to NHS Scotland. The Authority intends to award this Lot as an unranked multi supplier Framework Agreement per product line. Supply of skin medicines to NHS Scotland. The Authority intends to award this Lot as a ranked multi supplier Framework Agreement per product line. Supply of Analgesics, Anaesthetics & MSD Generics medicines to NHS Scotland. The Authority intends to award this Lot as a ranked multi supplier Framework Agreement per product line. Supply of Psychiatry and Neurology Medicines to NHS Scotland. The Authority intends to award this Lot as a ranked multi supplier Framework Agreement per product line. Supply of Cancer Medicines to NHS Scotland. The Authority intends to award this Lot as a ranked multi supplier Framework Agreement per product line. Supply of Gastrointestinal, Endocrine, Nutrition, Blood Medicines to NHS Scotland. The Authority intends to award this Lot as a ranked multi supplier Framework Agreement per product line. Supply of Antimicrobial and Genitourinary Medicines to NHS Scotland. The Authority intends to award this Lot as
 a ranked multi supplier Framework Agreement per product line. Supply of Cardiovascular, Respiratory, and HIV Medicines to NHS Scotland. The Authority intends to award this Lot as
 a ranked multi supplier Framework Agreement per product line.",The Common Services Agency (more commonly known as Public Services Delivery Scotland) (PSD Scotland)
NHS Lothian Radiotherapy Linacs,2026-06-09,SCT,5700000.0,https://www.publiccontractsscotland.gov.uk/search/show/ocds-r6ebe6-0000829960,rls-75-MAY555468,33150000,"A linac to match and provide back-up to LA6 with nominal energies 6 MV and 10 MV, including Flattening Filter Free (FFF) A linac capable of on-line Adaptive Radiotherapy (ART)",Lothian Health Board
NHS Greater Glasgow & Clyde OMS TPS Replacement,2026-06-02,SCT,2600000.0,https://www.publiccontractsscotland.gov.uk/search/show/ocds-r6ebe6-0000828961,rls-101-MAY555053,33150000 33151000,"The Oncology Management System (OMS) must operate as a single entity across the Beatson and be able to accommodate radiotherapy data and images for upwards of 230,000 patients, with over 4,000,000 treatment histories, and have the capacity for increases in radiotherapy workload for the next five years. The estimated increase in database growth is 10GB per annum with accompanying image storage growth of approximately 2TB per annum. The Treatment Planning System is intended to be the departmentâs primary pre-treatment planning system for almost all radical and palliative treatments.
 To this extent the system requires capacity to host a large number of simultaneous users executing a variety of planning functions such as outlining, optimisation and dose calculation.",NHS Greater Glasgow and Clyde
Intravenous & Topical Fluids,2026-07-27,SCT,39671652.0,https://www.publiccontractsscotland.gov.uk/search/show/ocds-r6ebe6-0000830029,rls-1-JUN558819,33600000,"Supply of Glucose 5%, Sodium Chloride 0.9% 50ml, 100ml, 250ml Infusion Bags to NHS Scotland. The Authority intends awarding each product line as a multi-supplier unranked framework agreement on a line by line basis and it is envisaged a maximum of three (3) Framework Participants will be awarded to each line. Full details of Goods and volumes can be found within the ITT documents. Supply of Needle Free Infusion Bags to NHS Scotland in a range of presentations. The Authority intends awarding each product line as a multi-supplier unranked framework agreement on a line by line basis and it is envisaged a maximum of three (3) Framework Participants will be awarded to each line. Full details can be found within the ITT Supply of Unlicensed Infusion Bags to NHS Scotland in a range of presentations. The Authority intends awarding each product line as a multi-supplier unranked framework agreement on a line by line basis and it is envisaged a maximum of three (3) Framework Participants will be awarded to each line. Full details of Goods and volumes can be found within the ITT documents. Supply of a range of Licensed Infusion Bags to NHS Scotland in a range of presentations. The Authority intends awarding each product line as a multi-supplier unranked framework agreement on a line by line basis and it is envisaged a maximum of three (3) Framework Participants will be awarded to each line. Full details of Goods and volumes can be found within the ITT documents. Supply of all other Intravenous & Topical Fluids and topical fluids to NHS Scotland. The Authority intends awarding each product line within this Lot to a single Framework Participant. Full details can be found within the ITT.","The Common Services Agency (more commonly known as NHS National Services Scotland) (""NSS"")"
Wound Management Products,2026-07-24,SCT,34000000.0,https://www.publiccontractsscotland.gov.uk/search/show/ocds-r6ebe6-0000834079,rls-15-JUN558538,33141111,"Lot Three (3) is for Odour Management Dressing - Non-Absorbent
 in various sizes which are specified in the Pricing Schedule.
 This Lot will be awarded as a Multi Supplier Ranked Award with a Maximum of Five (5) suppliers. Lot Two (2) is for Antimicrobial Odour Management Dressing	Absorbent Dressing plus Silver in various sizes which are specified in the Pricing Schedule.
 This Lot will be awarded as a Multi Supplier Ranked Award with a Maximum of Five (5) suppliers. Lot Five (5) is for Fibre Gel Dressing with Silver in various sizes which are specified in the Pricing Schedule.
 This Lot will be awarded as a Multi Supplier Ranked Award with a Maximum of Five (5) suppliers. Lot Four (4) is for Fibre Gel Dressing with Silver Fibre in various sizes which are specified in the Pricing Schedule.
 This Lot will be awarded as a Multi Supplier Ranked Award with a Maximum of Five (5) suppliers. Lot Six (6) is for Alginate Dressing with Silver in various sizes which are specified in the Pricing Schedule.
 This Lot will be awarded as a Multi Supplier Ranked Award with a Maximum of Five (5) suppliers. Lot Seven (7) is for Non Surgical Haemostatic Dressing with Haemostatic Properties in various sizes which are specified in the Pricing Schedule.
 This Lot will be awarded as a Multi Supplier Ranked Award with a Maximum of Five (5) suppliers. Lot Nine (9) is for Antimicrobial Gel Light to Moderate Exuding Wounds in various sizes which are specified in the Pricing Schedule.
 This Lot will be awarded as a Multi Supplier Ranked Award with a Maximum of Five (5) suppliers. Lot Eight (8) is for Antimicrobial Gel	Moderate to Heavily Exuding Wounds Gel in various sizes which are specified in the Pricing Schedule.
 This Lot will be awarded as a Multi Supplier Ranked Award with a Maximum of Five (5) suppliers. Lot Ten (10) is for Alginate Dressings Fibre in various sizes which are specified in the Pricing Schedule.
 This Lot will be awarded as a Multi Supplier Ranked Award with a Maximum of Five (5) suppliers. Lot Eleven (11) is for Super Absorbent Dressing with backing (all variants) in various sizes which are specified in the Pricing Schedule.
 This Lot will be awarded as a Multi Supplier Ranked Award with a Maximum of Five (5) suppliers. Lot Twelve (12) is for Super Absorbent Dressing without backing in various sizes which are specified in the Pricing Schedule.
 This Lot will be awarded as a Multi Supplier Ranked Award with a Maximum of Five (5) suppliers Lot Thirteen (13) is for Self-adhering dressing (DFU) Two-part multi layered, multimodal wound dressing in various sizes which are specified in the Pricing Schedule.
 This Lot will be awarded as a Multi Supplier Ranked Award with a Maximum of Five (5) suppliers. Lot Fourteen (14) is for Nano-oligosaccharide factor dressing (DFU) Absorbent hydrocellular lipido-colloid dressing in various sizes which are specified in the Pricing Schedule.
 This Lot will be awarded as a Multi Supplier Ranked Award with a Maximum of Five (5) suppliers. Lot Fifteen (15) is for Fibre Dressing with Foam Backing bordered (all variants) in various sizes which are specified in the Pricing Schedule.
 This Lot will be awarded as a Multi Supplier Ranked Award with a Maximum of Five (5) suppliers. Lot Sixteen (16) is for Fibre Dressing with Foam Backing (non bordered) in various sizes which are specified in the Pricing Schedule.
 This Lot will be awarded as a Multi Supplier Ranked Award with a Maximum of Five (5) suppliers. Lot Seventeen (17) is for Antimicrobial Dressing - absorbent (adhesive) bordered/non bordered in various sizes which are specified in the Pricing Schedule.
 This Lot will be awarded as a Multi Supplier Ranked Award with a Maximum of Five (5) suppliers. Lot Eighteen (18) is for Antimicrobial Dressing - absorbent (non-adhesive) Bordered/Non Bordered in various sizes which are specified in the Pricing Schedule.
 This Lot will be awarded as a Multi Supplier Ranked Award with a Maximum of Five (5)",The Common Services Agency (more commonly known as Public Services Delivery Scotland) (PSD Scotland)
NP86626 - Swab Collection Devices,2026-07-16,SCT,2516304.0,https://www.publiccontractsscotland.gov.uk/search/show/ocds-r6ebe6-0000831799,rls-40-JUN558046,33140000,"VTM is supplied in a colour free plastic (polypropylene) tube containing a prefilled level of transport medium. VTM is intended to be used for the collection and preservation and/or transportation of clinical specimen (e.g. mucus, sputum, vaginal secretions, faeces, urine) collected from any body part for in vitro diagnostic procedures. Sample Collection Kit 1ml fill VTM
 IVD Kit contains prefilled tube containing 1ml of VTM with green screw cap and sterile swab with Breakpoint.
 Sample Collection Kit 3ml fill VTM
 IVD Kit contains prefilled tube containing 3ml of VTM with green screw cap and sterile swab with Breakpoint. Individual Tubes containing Inactivation Medium
 Tube containing 2ml pre-filled level of Inactivation Medium, with RED screw cap.
 Inactivation medium is supplied in a colour free plastic (polypropylene) tube containing a prefilled level of inactivation medium. Inactivation medium is intended to be used for the collection and preservation and/or transportation of clinical specimen (e.g. mucus, sputum, vaginal secretions, faeces, urine) collected from any body part for in vitro diagnostic procedures. Inactivation medium will KILL (inactivate) both viral and bacterial pathogens. Sample Collection Kit (tube + swab), containing Inactivation Medium
 Supplied in IVD Peel Pouch containing 2ml fill of Inactivation medium, with RED screw cap and Sterile dry swab with Breakpoint A Sterile swab is a medical device used to collect specimens from any body part for in vitro diagnostic purposes.
 The swab will have a flexible polystyrene shaft with viscose, floxsynthetic or flocked, mini tip, colour white, PCR ready and sterile, with a scored break point and fits securely (once broken) in the tube using a method of capturing the swab securely within the screw cap of tube.
 The swab will be supplied in a peel pouch format and marked with CE number or equivalent UKCA, IVD, storage conditions, sterile, manufacture, part number, lot number and expiry date as a minimum, supplied individually or as part of an IVD PCR Sample collection peel pouch kit.
 Swabs will be used to collect viral and bacterial targets from various orifices of the human body, such As:
 Nasal, throat, ear, cervix, nasopharyngeal, skin, toe nails, vaginal and urethral. This lot captures a range of miscellaneous products, which may be required for use across NHS Scotlandâs Laboratory Estate. The range of products contained within this lot are as follows,
 Item 1 	1 Litre bottle inactivation medium (lysis buffer)
 Item 2 	Replacement blue screw caps
 Item 3 	7ml tube (empty) and loose yellow caps
 Item 4 	Individual Sterile packaged dry swabs without break point. - A Sterile swab is a medical device used to collect specimens from any body part for in vitro diagnostic purposes. The swab will have a flexible polystyrene shaft with viscose, flosynthetic or flocked, mini tip, colour white, PCR ready and sterile, with a scored break point and fits securely (once broken) in the tube using a method of capturing the swab securely within the screw cap of tube.
 The swab will be supplied in a peel pouch format and marked with CE number or equivalent UKCA, IVD, storage conditions, sterile, manufacture, part number, lot number and expiry date as a minimum, supplied individually or as part of an IVD PCR Sample collection peel pouch kit.
 Swabs will be used to collect viral and bacterial targets from various orifices of the human body, such As:
 Nasal, throat, ear, cervix, nasopharyngeal, skin, toe nails, vaginal and urethral.
 Item 5 	Transport pack UN3373 compliant for various tube sizes â sealed bag for internal transportation.
 Item 6	Transport pack UN3373 compliant for various tube sizes â sealed bag with absorption pad for internal and external transportation by courier or Royal Mail.
 Item 7 	Transport pack UN3373 compliant for various tube sizes â rigid container for use in securely transporting by courier or Royal Mail. Material optional,",The Common Services Agency (more commonly known as Public Services Delivery Scotland) (PSD Scotland)
NP16726 Multi Modality Imaging Equipment and Maintenance Framework,2026-07-13,SCT,350000000.0,https://www.publiccontractsscotland.gov.uk/search/show/ocds-r6ebe6-0000832628,rls-52-JUN557846,31643100 33110000 33111000 33111400 33111500 33111600 33111610 33111620 33111650 33111660 33111700 33111800 33112000 33112300 33112310 33113000 33113100 33115000 33115100 33124120 33141310 33150000 33151100 33153000 44211100 50420000 50421000 50421200 51400000 51410000 51411000,"Supply, Maintenance, Servicing and Repair of Bladder Scanners. Framework Agreement for the supply, installation, and/or maintenance of contrast and radiopharmaceutical injectors and the supply of syringes and other consumables that are used with the above mentioned Injector systems for use with Diagnostic Imaging Equipment. OEM and 3rd Party (Multi Vendor) maintenance and servicing of Diagnostic Imaging Equipment including but not limited to X-Ray, Computed Radiography, CT, MR, PET/CT, Mammography, Fluoroscopy, Lithotripter, Interventional, Dental, Bone Densitometry, Image Intensifier, Nuclear Imaging, Injectors, Specimen cabinets, Digital systems for scoliosis Ultrasound, Linear Accelerators and Bladder Scanners Framework Agreement for the supply, installation, and/or maintenance of mammography vacuum devices and/ or the supply of associated consumables as well as mammography non-wire lesion localisation detectors, mammography non-wire lesion localisation devices, sentinel lymph node location detectors and sentinel lymph node location non-radioactive tracer fluids used in mammography. Supply, Installation (including pre-installation works undertaken as a turnkey contract with the equipment supplier) and maintenance of Diagnostic Imaging & Therapy Equipment including but not limited to X-Ray, Computed Radiography, Angiography, Fluoroscopy, Lithotripsy, CT, MR, PET/CT, Mammography, Lithotripter, Interventional, Dental, Bone Densitometry, Image Intensifiers, Nuclear Imaging, Linear Accelerator Specimen cabinets, Linacs, Scoliosis Imaging Systems and Ultrasound, Mobile units or modular builds where undertaken as a turnkey contract with the equipment supplier.",The Common Services Agency (more commonly known as Public Services Delivery Scotland) (PSD Scotland)
NHS GGC Radiotherapy Linac,2026-07-13,SCT,2800000.0,https://www.publiccontractsscotland.gov.uk/search/show/ocds-r6ebe6-0000833411,rls-54-JUN557787,33150000 33151000,"Greater Glasgow Health Board (more commonly known as NHS Greater Glasgow and Clyde) has identified a requirement for one (1) Linear Accelerator to replace ageing equipment which has reached the end of its recommended life expectancy at the Beatson Satellite, located at the University Hospital Monklands in Airdrie, Lanarkshire.",NHS Greater Glasgow and Clyde
NHSDG Estates & Property ICES LOLER Inspection,2026-07-09,SCT,90000.0,https://www.publiccontractsscotland.gov.uk/search/show/ocds-r6ebe6-0000833841,rls-76-JUN557309,33192600 71631000,"The key services being sought are in relation to ICES LOLER Inspection Services are Lifting Operations and Lifting Equipment Regulations 1998 (LOLER) inspections will be required in individual households as part of the âIntegrated Community Equipment Service.â The âIntegrated Community Equipment Serviceâ is a joint venture which manages equipment and adaptations provision on behalf of NHS Dumfries & Galloway and Dumfries & Galloway Council. Any other partner organisation may be included in this contract at a later date; we reserve the right to renegotiate their inclusion into this contract. NHS Dumfries & Galloway and Dumfries & Galloway Council Social Services department provide equipment and adaptations, which aim to meet the needs of people with illness or disability, enabling them to remain at home and in all aspects of daily life, be as independent as possible. A substantial number of visits will be required to approximately three hundred private residences throughout the region.",Dumfries and Galloway Health Board
Provision of Internal and External Hand / Grab Rails,2026-07-02,SCT,371912.0,https://www.publiccontractsscotland.gov.uk/search/show/ocds-r6ebe6-0000833293,rls-88-JUN557036,30195800 33100000 33196000 33196200 34941000 34946110 44220000 44316000 44520000 45310000 45330000 45400000 45420000 45421000 45421100 45421140 45421150 45421160 45450000 45453000 50000000 50700000 51410000,This procurement will follow the open tender process.,North Ayrshire Council
Central Venous Catheters,2026-07-03,SCT,13000000.0,https://www.publiccontractsscotland.gov.uk/search/show/ocds-r6ebe6-0000819559,rls-89-JUN557010,33141200 33141240 33141310,"We require a Coated Central Venous Catheter (CVC) which will minimise the risk of infection and is for use in, but not limited to; administering medication or fluids that are unable to be taken by mouth or would harm a smaller peripheral vein, to obtain blood tests and to measure central venous pressure. We require a Non-Coated Central Venous Catheter (CVC) which will minimise the risk of infection and is for use in, but not limited to; administering medication or fluids that are unable to be taken by mouth or would harm a smaller peripheral vein, to obtain blood tests and to measure central venous pressure. We require a Paediatric Central Venous Catheter (CVC) for use in, but not limited to; administering medication or fluids that are unable to be taken by mouth or would harm a smaller peripheral vein, to obtain blood tests and to measure central venous pressure. We require a Midline Catheter for longer term IV access which is ideal for patients whose treatment is expected to last more than three (3) days. We require a Skin Tunnelling Catheter suitable for long term insertion for use in, but not limited to; taking a blood sample, giving medication, giving blood or blood products, giving chemotherapy, intravenous feeding, bone marrow transplantation, and photopheresis. We require a (Peripherally Inserted Central Catheter) PICC Line (Antimicrobial), which is used for a prolonged period of time for Chemotherapy or Antibiotic therapy along with the administration of substances that should not be done peripherally. We require a (Peripherally Inserted Central Catheter) PICC Line (Non-Coated), which is used for a prolonged period of
 time for Chemotherapy or Antibiotic therapy along with the administration of substances that should not be done peripherally. We require a Seldinger arterial lines used in the Seldinger technique of inserting a catheter over a guidewire to safely place a tube into an artery for continuous blood pressure monitoring and blood sampling. We require a Non-Seldinger Arterial Cannulas used in an acute care setting. We require IV Flush Saline Pre-filled Syringes used in a healthcare settings for flushing and maintaining indwelling vascular access devices, like, PICC lines, and central venous catheters. We require Stabilisation Devices used within a clinical healthcare setting. We require a Dialysis Central Venous Catheter which will provide immediate vascular access for haemodialysis, used either temporarily or long-term depending on patient needs. Accessories - Unscored Lot.
 This Lot is for items which don't fall into Lots 1-14 but are used in association with an item(s) submitted in another Lot. These items must be relevant to any of the items within Lots 1-14 of the framework. The Authority reserves the right to accept or decline any items submitted into this Lot onto the framework. Suppliers are only awarded to this Lot if they have been successfully awarded to one of the scored Lots(1-14). Innovation - Unscored Lot.
 For items which are yet to be made available to the market, but will become available over the duration of the framework. These items must be relevant to any of the items within Lots 1-14. The Authority reserves the right to accept or decline any items submitted into this
 Lot onto the framework. Suppliers are automatically awarded to this Lot if they have been successfully awarded to any of the other Lots(1-14). We require Implantable Ports used within a clinical healthcare setting. We require Central Venous Catheters Insertion Packs used in a clinical healthcare setting.
 This is an unscored Lot and suppliers are not automatically awarded to this Lot. To be awarded to this Lot suppliers must first meet all mandatory requirements and tendered against any of the scored Lots within this tender.",The Common Services Agency (more commonly known as NHS National Services Scotland) (NSS)
